{
	"format_version": "1.12.0",
	"minecraft:geometry": [
		{
			"description": {
				"identifier": "geometry.unknown",
				"texture_width": 256,
				"texture_height": 256,
				"visible_bounds_width": 103,
				"visible_bounds_height": 129,
				"visible_bounds_offset": [0, -7.5, 0]
			},
			"bones": [
				{
					"name": "Arm",
					"pivot": [-0.2, 29.075, 0]
				},
				{
					"name": "LeftArm",
					"parent": "Arm",
					"pivot": [1.1, 28.825, 0],
					"cubes": [
						{
							"origin": [0.4, 22.875, -1.3],
							"size": [2.85, 7, 2.6],
							"uv": {
								"north": {"uv": [63, 44], "uv_size": [3, 7]},
								"east": {"uv": [72, 6], "uv_size": [2.5, 7]},
								"south": {"uv": [55, 63], "uv_size": [3, 7]},
								"west": {"uv": [72, 50], "uv_size": [2.5, 7]},
								"up": {"uv": [103, 81], "uv_size": [3, 2.5]},
								"down": {"uv": [0, 106.5], "uv_size": [3, -2.5]}
							}
						},
						{
							"origin": [0.6125, 22.075, -0.85],
							"size": [2.45, 1.3125, 2.05],
							"pivot": [1.8375, 23.00625, 0.1],
							"rotation": [-25, 0, 0],
							"uv": {
								"north": {"uv": [122, 120], "uv_size": [2.5, 1.5]},
								"east": {"uv": [93, 128], "uv_size": [2, 1.5]},
								"south": {"uv": [122, 122], "uv_size": [2.5, 1.5]},
								"west": {"uv": [97, 128], "uv_size": [2, 1.5]},
								"up": {"uv": [109, 113], "uv_size": [2.5, 2]},
								"down": {"uv": [38, 116], "uv_size": [2.5, -2]}
							}
						}
					]
				},
				{
					"name": "LeftXFUP",
					"parent": "LeftArm",
					"pivot": [-2.3, 0, 0],
					"cubes": [
						{
							"origin": [0.35, 22.825, -1.35],
							"size": [2.95, 7.1, 2.7],
							"uv": {
								"north": {"uv": [63, 61], "uv_size": [3, 7]},
								"east": {"uv": [70, 72], "uv_size": [2.5, 7]},
								"south": {"uv": [14, 64], "uv_size": [3, 7]},
								"west": {"uv": [6, 73], "uv_size": [2.5, 7]},
								"up": {"uv": [104, 9], "uv_size": [3, 2.5]},
								"down": {"uv": [104, 19.5], "uv_size": [3, -2.5]}
							}
						},
						{
							"origin": [0.34295, 29.38721, -1.35],
							"size": [2.91, 0.8, 2.7],
							"pivot": [1.77795, 29.78721, 0],
							"rotation": [0, 0, 10],
							"uv": {
								"north": {"uv": [128, 89], "uv_size": [3, 1]},
								"east": {"uv": [131, 105], "uv_size": [2.5, 1]},
								"south": {"uv": [128, 98], "uv_size": [3, 1]},
								"west": {"uv": [131, 108], "uv_size": [2.5, 1]},
								"up": {"uv": [104, 20], "uv_size": [3, 2.5]},
								"down": {"uv": [104, 25.5], "uv_size": [3, -2.5]}
							}
						}
					]
				},
				{
					"name": "LeftXFMID",
					"parent": "LeftArm",
					"pivot": [-2.3, 0, 0],
					"cubes": [
						{
							"origin": [0.4625, 21.975, -1],
							"size": [2.75, 1.375, 2.3],
							"pivot": [1.8375, 22.9625, 0.15],
							"rotation": [-25, 0, 0],
							"uv": {
								"north": {"uv": [115, 34], "uv_size": [3, 1.5]},
								"east": {"uv": [123, 43], "uv_size": [2.5, 1.5]},
								"south": {"uv": [115, 59], "uv_size": [3, 1.5]},
								"west": {"uv": [123, 45], "uv_size": [2.5, 1.5]},
								"up": {"uv": [104, 31], "uv_size": [3, 2.5]},
								"down": {"uv": [104, 36.5], "uv_size": [3, -2.5]}
							}
						}
					]
				},
				{
					"name": "LeftForeArm",
					"parent": "LeftArm",
					"pivot": [1.825, 22.875, 0.025],
					"cubes": [
						{
							"origin": [0.525, 16.625, -1.175],
							"size": [2.6, 6.25, 2.4],
							"uv": {
								"north": {"uv": [84, 50], "uv_size": [2.5, 5.5]},
								"east": {"uv": [57, 84], "uv_size": [2.5, 5.5]},
								"south": {"uv": [60, 84], "uv_size": [2.5, 5.5]},
								"west": {"uv": [85, 0], "uv_size": [2.5, 5.5]},
								"up": {"uv": [108, 3], "uv_size": [2.5, 2.5]},
								"down": {"uv": [7, 110.5], "uv_size": [2.5, -2.5]}
							}
						}
					]
				},
				{
					"name": "LeftXFDOWN",
					"parent": "LeftForeArm",
					"pivot": [-2.3, 0, 0],
					"cubes": [
						{
							"origin": [0.375, 19.325, -1.325],
							"size": [2.9, 4.05, 2.65],
							"uv": {
								"north": {"uv": [20, 90], "uv_size": [3, 4]},
								"east": {"uv": [18, 97], "uv_size": [2.5, 4]},
								"south": {"uv": [60, 90], "uv_size": [3, 4]},
								"west": {"uv": [29, 97], "uv_size": [2.5, 4]},
								"up": {"uv": [104, 37], "uv_size": [3, 2.5]},
								"down": {"uv": [104, 42.5], "uv_size": [3, -2.5]}
							}
						},
						{
							"origin": [0.375, 18.825, -1.325],
							"size": [2.9, 0.25, 2.65],
							"uv": {
								"north": {"uv": [141, 25], "uv_size": [3, 0.5]},
								"east": {"uv": [144, 46], "uv_size": [2.5, 0.5]},
								"south": {"uv": [141, 26], "uv_size": [3, 0.5]},
								"west": {"uv": [144, 48], "uv_size": [2.5, 0.5]},
								"up": {"uv": [104, 43], "uv_size": [3, 2.5]},
								"down": {"uv": [104, 58.5], "uv_size": [3, -2.5]}
							}
						},
						{
							"origin": [0.375, 19.075, -1.325],
							"size": [2.9, 0.25, 2.65],
							"uv": {
								"north": {"uv": [27, 141], "uv_size": [3, 0.5]},
								"east": {"uv": [144, 59], "uv_size": [2.5, 0.5]},
								"south": {"uv": [141, 27], "uv_size": [3, 0.5]},
								"west": {"uv": [144, 60], "uv_size": [2.5, 0.5]},
								"up": {"uv": [104, 64], "uv_size": [3, 2.5]},
								"down": {"uv": [104, 69.5], "uv_size": [3, -2.5]}
							}
						},
						{
							"origin": [0.375, 19.57704, -1.4335],
							"size": [2.9, 3.8, 0.25],
							"pivot": [1.825, 21.35204, -1.2835],
							"rotation": [-4, 0, 0],
							"uv": {
								"north": {"uv": [90, 71], "uv_size": [3, 4]},
								"east": {"uv": [23, 136], "uv_size": [0.5, 4]},
								"south": {"uv": [90, 75], "uv_size": [3, 4]},
								"west": {"uv": [28, 136], "uv_size": [0.5, 4]},
								"up": {"uv": [141, 28], "uv_size": [3, 0.5]},
								"down": {"uv": [141, 31.5], "uv_size": [3, -0.5]}
							}
						},
						{
							"origin": [0.375, 19.57704, 1.1835],
							"size": [2.9, 3.8, 0.25],
							"pivot": [1.825, 21.35204, 1.2835],
							"rotation": [4, 0, 0],
							"uv": {
								"north": {"uv": [90, 86], "uv_size": [3, 4]},
								"east": {"uv": [29, 136], "uv_size": [0.5, 4]},
								"south": {"uv": [90, 90], "uv_size": [3, 4]},
								"west": {"uv": [30, 136], "uv_size": [0.5, 4]},
								"up": {"uv": [141, 32], "uv_size": [3, 0.5]},
								"down": {"uv": [141, 33.5], "uv_size": [3, -0.5]}
							}
						},
						{
							"origin": [3.13356, 19.5753, -1.325],
							"size": [0.265, 3.8, 2.65],
							"pivot": [3.20856, 21.3503, 0],
							"rotation": [0, 0, -4],
							"uv": {
								"north": {"uv": [31, 136], "uv_size": [0.5, 4]},
								"east": {"uv": [34, 97], "uv_size": [2.5, 4]},
								"south": {"uv": [32, 136], "uv_size": [0.5, 4]},
								"west": {"uv": [97, 49], "uv_size": [2.5, 4]},
								"up": {"uv": [118, 144], "uv_size": [0.5, 2.5]},
								"down": {"uv": [119, 146.5], "uv_size": [0.5, -2.5]}
							}
						},
						{
							"origin": [0.25144, 19.5753, -1.325],
							"size": [0.265, 3.8, 2.65],
							"pivot": [0.44144, 21.3503, 0],
							"rotation": [0, 0, 4],
							"uv": {
								"north": {"uv": [33, 136], "uv_size": [0.5, 4]},
								"east": {"uv": [97, 53], "uv_size": [2.5, 4]},
								"south": {"uv": [34, 136], "uv_size": [0.5, 4]},
								"west": {"uv": [97, 57], "uv_size": [2.5, 4]},
								"up": {"uv": [120, 144], "uv_size": [0.5, 2.5]},
								"down": {"uv": [121, 146.5], "uv_size": [0.5, -2.5]}
							}
						}
					]
				},
				{
					"name": "LeftHand",
					"parent": "LeftForeArm",
					"pivot": [1.825, 17.375, 0.025]
				},
				{
					"name": "LeftHandLocator",
					"parent": "LeftHand",
					"pivot": [1.825, 17.375, 0.025]
				},
				{
					"name": "SheathLocator",
					"parent": "LeftHand",
					"pivot": [1.825, 17.375, 0.025]
				},
				{
					"name": "RightArm",
					"parent": "Arm",
					"pivot": [-1.1, 28.825, 0],
					"cubes": [
						{
							"origin": [-3.25, 22.875, -1.3],
							"size": [2.85, 7, 2.6],
							"uv": {
								"north": {"uv": [64, 15], "uv_size": [3, 7]},
								"east": {"uv": [9, 73], "uv_size": [2.5, 7]},
								"south": {"uv": [64, 22], "uv_size": [3, 7]},
								"west": {"uv": [27, 73], "uv_size": [2.5, 7]},
								"up": {"uv": [104, 70], "uv_size": [3, 2.5]},
								"down": {"uv": [104, 86.5], "uv_size": [3, -2.5]}
							}
						},
						{
							"origin": [-3.0625, 22.175, -0.85],
							"size": [2.45, 1.275, 2],
							"pivot": [-1.8375, 23.0125, 0.075],
							"rotation": [-25, 0, 0],
							"uv": {
								"north": {"uv": [123, 47], "uv_size": [2.5, 1.5]},
								"east": {"uv": [99, 128], "uv_size": [2, 1.5]},
								"south": {"uv": [123, 49], "uv_size": [2.5, 1.5]},
								"west": {"uv": [128, 102], "uv_size": [2, 1.5]},
								"up": {"uv": [114, 42], "uv_size": [2.5, 2]},
								"down": {"uv": [47, 116], "uv_size": [2.5, -2]}
							}
						}
					]
				},
				{
					"name": "RightXFUP",
					"parent": "RightArm",
					"pivot": [2.3, 0, 0],
					"cubes": [
						{
							"origin": [-3.3, 22.825, -1.35],
							"size": [2.95, 7.1, 2.7],
							"uv": {
								"north": {"uv": [64, 37], "uv_size": [3, 7]},
								"east": {"uv": [30, 73], "uv_size": [2.5, 7]},
								"south": {"uv": [65, 0], "uv_size": [3, 7]},
								"west": {"uv": [33, 73], "uv_size": [2.5, 7]},
								"up": {"uv": [104, 87], "uv_size": [3, 2.5]},
								"down": {"uv": [104, 92.5], "uv_size": [3, -2.5]}
							}
						},
						{
							"origin": [-3.25295, 29.38721, -1.35],
							"size": [2.91, 0.8, 2.7],
							"pivot": [-1.77795, 29.78721, 0],
							"rotation": [0, 0, -10],
							"uv": {
								"north": {"uv": [128, 104], "uv_size": [3, 1]},
								"east": {"uv": [131, 129], "uv_size": [2.5, 1]},
								"south": {"uv": [128, 105], "uv_size": [3, 1]},
								"west": {"uv": [24, 132], "uv_size": [2.5, 1]},
								"up": {"uv": [104, 93], "uv_size": [3, 2.5]},
								"down": {"uv": [105, 5.5], "uv_size": [3, -2.5]}
							}
						}
					]
				},
				{
					"name": "RightXFMID",
					"parent": "RightArm",
					"pivot": [2.3, 0, 0],
					"cubes": [
						{
							"origin": [-3.2125, 21.975, -1],
							"size": [2.75, 1.225, 2.3],
							"pivot": [-1.8375, 22.9625, 0.15],
							"rotation": [-15, 0, 0],
							"uv": {
								"north": {"uv": [106, 128], "uv_size": [3, 1]},
								"east": {"uv": [132, 26], "uv_size": [2.5, 1]},
								"south": {"uv": [128, 108], "uv_size": [3, 1]},
								"west": {"uv": [132, 27], "uv_size": [2.5, 1]},
								"up": {"uv": [7, 105], "uv_size": [3, 2.5]},
								"down": {"uv": [18, 107.5], "uv_size": [3, -2.5]}
							}
						}
					]
				},
				{
					"name": "RightForeArm",
					"parent": "RightArm",
					"pivot": [-1.825, 22.875, 0.025],
					"cubes": [
						{
							"origin": [-3.125, 16.625, -1.175],
							"size": [2.6, 6.25, 2.4],
							"uv": {
								"north": {"uv": [85, 11], "uv_size": [2.5, 5.5]},
								"east": {"uv": [12, 85], "uv_size": [2.5, 5.5]},
								"south": {"uv": [15, 85], "uv_size": [2.5, 5.5]},
								"west": {"uv": [85, 17], "uv_size": [2.5, 5.5]},
								"up": {"uv": [15, 108], "uv_size": [2.5, 2.5]},
								"down": {"uv": [18, 110.5], "uv_size": [2.5, -2.5]}
							}
						}
					]
				},
				{
					"name": "RightXFDOWN",
					"parent": "RightForeArm",
					"pivot": [2.3, 0, 0],
					"cubes": [
						{
							"origin": [-3.275, 19.325, -1.325],
							"size": [2.9, 4.05, 2.65],
							"uv": {
								"north": {"uv": [91, 0], "uv_size": [3, 4]},
								"east": {"uv": [65, 97], "uv_size": [2.5, 4]},
								"south": {"uv": [91, 4], "uv_size": [3, 4]},
								"west": {"uv": [97, 66], "uv_size": [2.5, 4]},
								"up": {"uv": [105, 26], "uv_size": [3, 2.5]},
								"down": {"uv": [29, 107.5], "uv_size": [3, -2.5]}
							}
						},
						{
							"origin": [-3.275, 18.825, -1.325],
							"size": [2.9, 0.25, 2.65],
							"uv": {
								"north": {"uv": [44, 141], "uv_size": [3, 0.5]},
								"east": {"uv": [144, 115], "uv_size": [2.5, 0.5]},
								"south": {"uv": [141, 44], "uv_size": [3, 0.5]},
								"west": {"uv": [144, 118], "uv_size": [2.5, 0.5]},
								"up": {"uv": [34, 105], "uv_size": [3, 2.5]},
								"down": {"uv": [105, 63.5], "uv_size": [3, -2.5]}
							}
						},
						{
							"origin": [-3.275, 19.075, -1.325],
							"size": [2.9, 0.25, 2.65],
							"uv": {
								"north": {"uv": [141, 45], "uv_size": [3, 0.5]},
								"east": {"uv": [144, 119], "uv_size": [2.5, 0.5]},
								"south": {"uv": [141, 46], "uv_size": [3, 0.5]},
								"west": {"uv": [122, 144], "uv_size": [2.5, 0.5]},
								"up": {"uv": [105, 74], "uv_size": [3, 2.5]},
								"down": {"uv": [105, 79.5], "uv_size": [3, -2.5]}
							}
						},
						{
							"origin": [-3.275, 19.57704, -1.4335],
							"size": [2.9, 3.8, 0.25],
							"pivot": [-1.825, 21.35204, -1.2835],
							"rotation": [-4, 0, 0],
							"uv": {
								"north": {"uv": [91, 8], "uv_size": [3, 4]},
								"east": {"uv": [35, 136], "uv_size": [0.5, 4]},
								"south": {"uv": [12, 91], "uv_size": [3, 4]},
								"west": {"uv": [37, 136], "uv_size": [0.5, 4]},
								"up": {"uv": [48, 141], "uv_size": [3, 0.5]},
								"down": {"uv": [141, 48.5], "uv_size": [3, -0.5]}
							}
						},
						{
							"origin": [-3.275, 19.57704, 1.1835],
							"size": [2.9, 3.8, 0.25],
							"pivot": [-1.825, 21.35204, 1.2835],
							"rotation": [4, 0, 0],
							"uv": {
								"north": {"uv": [91, 12], "uv_size": [3, 4]},
								"east": {"uv": [136, 37], "uv_size": [0.5, 4]},
								"south": {"uv": [15, 91], "uv_size": [3, 4]},
								"west": {"uv": [38, 136], "uv_size": [0.5, 4]},
								"up": {"uv": [141, 51], "uv_size": [3, 0.5]},
								"down": {"uv": [141, 52.5], "uv_size": [3, -0.5]}
							}
						},
						{
							"origin": [-3.39856, 19.5753, -1.325],
							"size": [0.265, 3.8, 2.65],
							"pivot": [-3.20856, 21.3503, 0],
							"rotation": [0, 0, 4],
							"uv": {
								"north": {"uv": [39, 136], "uv_size": [0.5, 4]},
								"east": {"uv": [97, 70], "uv_size": [2.5, 4]},
								"south": {"uv": [40, 136], "uv_size": [0.5, 4]},
								"west": {"uv": [81, 97], "uv_size": [2.5, 4]},
								"up": {"uv": [144, 122], "uv_size": [0.5, 2.5]},
								"down": {"uv": [125, 146.5], "uv_size": [0.5, -2.5]}
							}
						},
						{
							"origin": [-0.51644, 19.5753, -1.325],
							"size": [0.265, 3.8, 2.65],
							"pivot": [-0.44144, 21.3503, 0],
							"rotation": [0, 0, -4],
							"uv": {
								"north": {"uv": [136, 41], "uv_size": [0.5, 4]},
								"east": {"uv": [87, 97], "uv_size": [2.5, 4]},
								"south": {"uv": [47, 136], "uv_size": [0.5, 4]},
								"west": {"uv": [90, 97], "uv_size": [2.5, 4]},
								"up": {"uv": [144, 125], "uv_size": [0.5, 2.5]},
								"down": {"uv": [128, 146.5], "uv_size": [0.5, -2.5]}
							}
						}
					]
				},
				{
					"name": "RightHand",
					"parent": "RightForeArm",
					"pivot": [-1.825, 17.375, 0.025]
				},
				{
					"name": "BladeLocator",
					"parent": "RightHand",
					"pivot": [-1.825, 17.375, 0.025]
				},
				{
					"name": "RightHandLocator",
					"parent": "RightHand",
					"pivot": [-1.825, 17.375, 0.025]
				}
			]
		}
	]
}